{
  "accuracy": 0.705,
  "balanced_accuracy": 0.7071277346506704,
  "precision": 0.6584158415841584,
  "recall": 0.7307692307692307,
  "f1": 0.6927083333333334,
  "macro_f1": 0.7045272435897436,
  "roc_auc": 0.779589676378667
}