model,accuracy,balanced_accuracy,precision,recall,f1,macro_f1,roc_auc
logistic_regression,0.705,0.7071277346506704,0.6584158415841584,0.7307692307692307,0.6927083333333334,0.7045272435897436,0.779589676378667
naive_bayes,0.7,0.6939207581409417,0.6867469879518072,0.6263736263736264,0.6551724137931034,0.6948428440646933,0.7728349632019358
xgboost,0.6725,0.6650620022179655,0.6583850931677019,0.5824175824175825,0.6180758017492711,0.665711861487327,0.734701078737776
random_forest,0.67,0.6595927008771045,0.668918918918919,0.5439560439560439,0.6,0.6595744680851063,0.7374483314850286
gradient_boosting,0.6575,0.6476711362032463,0.6490066225165563,0.5384615384615384,0.5885885885885885,0.6476133521101402,0.7229055348321404
svm,0.6425,0.6402611150317572,0.6054054054054054,0.6153846153846154,0.6103542234332425,0.6400500909314019,0.7331384212118157
knn,0.635,0.6233995362435729,0.625,0.4945054945054945,0.5521472392638037,0.6220651808133364,0.6452011291460833
decision_tree,0.5175,0.5142403468091542,0.4702702702702703,0.47802197802197804,0.47411444141689374,0.5141934793689549,0.4939888093557818
