{
  "accuracy": 0.9700598802395209,
  "balanced_accuracy": 0.9535087719298245,
  "precision": 0.9932885906040269,
  "recall": 0.9736842105263158,
  "f1": 0.9833887043189369,
  "macro_f1": 0.9159367764018926,
  "roc_auc": 0.9889254385964912
}